"Epic","Feature","Story","FAILED","BROKEN","PASSED","SKIPPED","UNKNOWN"
"XYZ Bank","Manager - Customer Management","Add Customer","0","0","1","0","0"
"XYZ Bank","Customer - Transactions","Withdrawing Money","0","0","4","0","0"
"XYZ Bank","Customer - Transactions","Transaction Security","0","0","1","0","0"
"XYZ Bank","Manager - Customer Management","Add Customer - Input Validation","3","0","0","0","0"
"XYZ Bank","Customer - Transactions","View Transactions","0","0","1","0","0"
"XYZ Bank","Customer - Transactions","Depositing Funds","0","0","3","0","0"
"XYZ Bank","Manager - Customer Management","Delete Account","0","0","1","0","0"
"XYZ Bank","Manager - Customer Management","Create Account - Access Control","0","0","1","0","0"
"XYZ Bank","Manager - Customer Management","Create Account","0","0","1","0","0"
